<?xml version="1.0" encoding="UTF-8"?>
<project-private xmlns="http://www.netbeans.org/ns/project-private/1">
    <editor-bookmarks xmlns="http://www.netbeans.org/ns/editor-bookmarks/2" lastBookmarkId="0"/>
    <open-files xmlns="http://www.netbeans.org/ns/projectui-open-files/2">
        <group>
            <file>file:/C:/Users/cesar/Desktop/sexto%20semestre/algortimos%20geneticos/Alg_Genetic_2_0/src/TresSat/Muta.java</file>
            <file>file:/C:/Users/cesar/Desktop/sexto%20semestre/algortimos%20geneticos/Alg_Genetic_2_0/src/TresSat/GeneticoTresSat.java</file>
            <file>file:/C:/Users/cesar/Desktop/sexto%20semestre/algortimos%20geneticos/Alg_Genetic_2_0/src/TresSat/Clausula.java</file>
            <file>file:/C:/Users/cesar/Desktop/sexto%20semestre/algortimos%20geneticos/Alg_Genetic_2_0/src/TresSat/Poblacion.java</file>
            <file>file:/C:/Users/cesar/Desktop/sexto%20semestre/algortimos%20geneticos/Alg_Genetic_2_0/src/TresSat/Cruza.java</file>
            <file>file:/C:/Users/cesar/Desktop/sexto%20semestre/algortimos%20geneticos/Alg_Genetic_2_0/src/TresSat/Seleccion.java</file>
            <file>file:/C:/Users/cesar/Desktop/sexto%20semestre/algortimos%20geneticos/Alg_Genetic_2_0/src/TresSat/Main.java</file>
            <file>file:/C:/Users/cesar/Desktop/sexto%20semestre/algortimos%20geneticos/Alg_Genetic_2_0/src/TresSat/Individu.java</file>
            <file>file:/C:/Users/cesar/Desktop/sexto%20semestre/algortimos%20geneticos/Alg_Genetic_2_0/src/TresSat/Tokenizer.java</file>
        </group>
    </open-files>
</project-private>
